"file_name","name","company","date_of_birth","job","social_security_number"
"image_0.png","James Michael","IBM","1951-12-14","Scrum Master","680-42-897"
"image_1.png","James Michael","IBM","1951-12-14","Scrum Master","680-42-897"
"image_10.png","James Michael","IBM","1951-12-14","Scrum Master","680-42-897"
"image_100.png","James Michael","IBM","1951-12-14","Scrum Master","680-42-897"
"image_101.png","James Michael","IBM","1951-12-14","Scrum Master","680-42-897"
"image_102.png","James Michael","IBM","1951-12-14","Scrum Master","680-42-897"
"image_103.png","James Michael","IBM","1951-12-14","Scrum Master","680-42-897"
"image_104.png","James Michael","IBM","1951-12-14","Scrum Master","680-42-897"
"image_105.png","James Michael","IBM","1951-12-14","Scrum Master","680-42-897"
"image_106.png","James Michael","IBM","1951-12-14","Scrum Master","680-42-897"
"image_107.png","James Michael","IBM","1951-12-14","Scrum Master","680-42-897"
"image_108.png","James Michael","IBM","1951-12-14","Scrum Master","680-42-897"
"image_109.png","James Michael","IBM","1951-12-14","Scrum Master","680-42-897"
"image_11.png","Andrew MaY","IBM","1951-12-14","Scrum Master","680-42-897"
"image_110.png","James Michael","IBM","1951-12-14","Scrum Master","680-42-897"
"image_111.png","James Michael","IBM","1951-12-14","Scrum Master","680-42-897"
"image_112.png","James Michael","IBM","1951-12-14","Scrum Master","680-42-897"
"image_113.png","James Michael","IBM","1951-12-14","Scrum Master","680-42-897"
"image_114.png","James Michael","IBM","1951-12-14","Scrum Master","680-42-897"
"image_115.png","James Michael","IBM","1951-12-14","Scrum Master","680-42-897"
"image_116.png","Barbara Olson","IBM","1969-11-17","Scrum Master","428-42-8611"
"image_117.png","James Michael","IBM","1951-12-14","Scrum Master","680-42-897"
"image_118.png","Adam Thornton","IBM","1959-07-31","Scrum Master","680-42-897"
"image_119.png","James Michael","IBM","1951-12-14","Scrum Master","680-42-897"
"image_12.png","James Michael","IBM","1951-12-14","Scrum Master","680-42-897"
"image_120.png","James Michael","IBM","1951-12-14","Scrum Master","680-42-897"
"image_121.png","James Michael","IBM","1951-12-14","Scrum Master","680-42-897"
"image_122.png","James Michael","IBM","1951-12-14","Scrum Master","680-42-897"
"image_123.png","James Michael","IBM","1951-12-14","Scrum Master","680-42-897"
"image_124.png","James Michael","IBM","1951-12-14","Scrum Master","680-42-897"
"image_125.png","James Michael","IBM","1951-12-14","Scrum Master","680-42-897"
"image_126.png","Lisa Doug!aS","IBM","1965-01-31","Scrum Master","680-42-897"
"image_127.png","James Michael","IBM","1951-12-14","Scrum Master","680-42-897"
"image_128.png","James Michael","IBM","1951-12-14","Scrum Master","680-42-897"
"image_129.png","James Michael","IBM","1951-12-14","Scrum Master","680-42-897"
"image_13.png","James Michael","IBM","1951-12-14","Scrum Master","680-42-897"
"image_130.png","James Michael","IBM","1951-12-14","Scrum Master","680-42-897"
"image_131.png","James Michael","IBM","1951-12-14","Scrum Master","680-42-897"
"image_132.png","James Michael","IBM","1951-12-14","Scrum Master","680-42-897"
"image_133.png","James Michael","IBM","1951-12-14","Scrum Master","680-42-897"
"image_134.png","James Michael","IBM","1951-12-14","Scrum Master","680-42-897"
"image_135.png","m","IBM","2020-12-23","Scrum Master","680-42-897"
"image_136.png","James Michael","IBM","1951-12-14","Scrum Master","680-42-897"
"image_137.png","James Michael","IBM","1951-12-14","Scrum Master","680-42-897"
"image_138.png","James Michael","IBM","1951-12-14","Scrum Master","680-42-897"
"image_139.png","1s, oa 1923","IBM","2020-12-31","Scrum Master","680-42-897"
"image_14.png","James Michael","IBM","1951-12-14","Scrum Master","680-42-897"
"image_140.png","James Michael","IBM","1951-12-14","Scrum Master","680-42-897"
"image_141.png","James Michael","IBM","1951-12-14","Scrum Master","680-42-897"
"image_142.png","James Michael","IBM","1951-12-14","Scrum Master","680-42-897"
"image_143.png","Lawren wright","IBM","1951-12-14","Scrum Master","680-42-897"
"image_144.png","James Michael","IBM","1951-12-14","Scrum Master","680-42-897"
"image_145.png","James Michael","IBM","1951-12-14","Scrum Master","680-42-897"
"image_146.png","Leah Vargas","IBM","1937-11-20","Scrum Master","680-42-897"
"image_147.png","Servem Master","IBM","2020-12-30","Scrum Master","680-42-897"
"image_148.png","James Michael","IBM","1951-12-14","Scrum Master","680-42-897"
"image_149.png","James Michael","IBM","1951-12-14","Scrum Master","680-42-897"
"image_15.png","James Michael","IBM","1951-12-14","Scrum Master","680-42-897"
"image_16.png","James Michael","IBM","1951-12-14","Scrum Master","680-42-897"
"image_17.png","James Michael","IBM","1951-12-14","Scrum Master","680-42-897"
"image_18.png","James Michael","IBM","1951-12-14","Scrum Master","680-42-897"
"image_19.png","James Michael","IBM","1951-12-14","Scrum Master","680-42-897"
"image_2.png","95 Sa","IBM","1951-12-14","Scrum Master","680-42-897"
"image_20.png","James Michael","IBM","1951-12-14","Scrum Master","680-42-897"
"image_21.png","James Michael","IBM","1951-12-14","Scrum Master","680-42-897"
"image_22.png","Human Resources","IBM","1929-07-05","Scrum Master","680-42-897"
"image_23.png","James Michael","IBM","1951-12-14","Scrum Master","680-42-897"
"image_24.png","James Michael","IBM","1951-12-14","Scrum Master","680-42-897"
"image_25.png","James Michael","IBM","1951-12-14","Scrum Master","680-42-897"
"image_26.png","Rachel Diaz","IBM","1992-10-02","Scrum Master","680-42-897"
"image_27.png","Sotware ®","IBM","2020-12-21","Scrum Master","680-42-897"
"image_28.png","874-54-3181","IBM","2008-05-26","Scrum Master","680-42-897"
"image_29.png","James Michael","IBM","1951-12-14","Scrum Master","680-42-897"
"image_3.png","James Michael","IBM","1951-12-14","Scrum Master","680-42-897"
"image_30.png","James Michael","IBM","1951-12-14","Scrum Master","680-42-897"
"image_31.png","James Michael","IBM","1951-12-14","Scrum Master","680-42-897"
"image_32.png","James Michael","IBM","1951-12-14","Scrum Master","680-42-897"
"image_33.png","James Michael","IBM","1951-12-14","Scrum Master","680-42-897"
"image_34.png","James Michael","IBM","1951-12-14","Scrum Master","680-42-897"
"image_35.png","James Michael","IBM","1951-12-14","Scrum Master","680-42-897"
"image_36.png","James Michael","IBM","1951-12-14","Scrum Master","680-42-897"
"image_37.png","Apple","IBM","1951-12-14","Scrum Master","680-42-897"
"image_38.png","James Michael","IBM","1951-12-14","Scrum Master","680-42-897"
"image_39.png","James Michael","IBM","1951-12-14","Scrum Master","680-42-897"
"image_4.png","James Michael","IBM","1951-12-14","Scrum Master","680-42-897"
"image_40.png","James Michael","IBM","1951-12-14","Scrum Master","680-42-897"
"image_41.png","Kimberty Sancher","IBM","1929-01-31","Scrum Master","680-42-897"
"image_42.png","James Michael","IBM","1951-12-14","Scrum Master","680-42-897"
"image_43.png","James Michael","IBM","1951-12-14","Scrum Master","680-42-897"
"image_44.png","James Michael","IBM","1951-12-14","Scrum Master","680-42-897"
"image_45.png","James Michael","IBM","1951-12-14","Scrum Master","680-42-897"
"image_46.png","Michael Burton","IBM","1923-12-06","Scrum Master","680-42-897"
"image_47.png","James Michael","IBM","1951-12-14","Scrum Master","680-42-897"
"image_48.png","James Michael","IBM","1951-12-14","Scrum Master","680-42-897"
"image_49.png","James Michael","IBM","1951-12-14","Scrum Master","680-42-897"
"image_5.png","James Michael","IBM","1951-12-14","Scrum Master","680-42-897"
"image_50.png","James Michael","IBM","1951-12-14","Scrum Master","680-42-897"
"image_51.png","James Michael","IBM","1951-12-14","Scrum Master","680-42-897"
"image_52.png","James Michael","IBM","1951-12-14","Scrum Master","680-42-897"
"image_53.png","James Michael","IBM","1951-12-14","Scrum Master","680-42-897"
"image_54.png","James Michael","IBM","1951-12-14","Scrum Master","680-42-897"
"image_55.png","James Michael","IBM","1951-12-14","Scrum Master","680-42-897"
"image_56.png","James Michael","IBM","1951-12-14","Scrum Master","680-42-897"
"image_57.png","James Michael","IBM","1951-12-14","Scrum Master","680-42-897"
"image_58.png","James Michael","IBM","1951-12-14","Scrum Master","680-42-897"
"image_59.png","James Michael","IBM","1951-12-14","Scrum Master","680-42-897"
"image_6.png","James Michael","IBM","1951-12-14","Scrum Master","680-42-897"
"image_60.png","James Michael","IBM","1951-12-14","Scrum Master","680-42-897"
"image_61.png","James Michael","IBM","1951-12-14","Scrum Master","680-42-897"
"image_62.png","James Michael","IBM","1951-12-14","Scrum Master","680-42-897"
"image_63.png","James Michael","IBM","1951-12-14","Scrum Master","680-42-897"
"image_64.png","James Michael","IBM","1951-12-14","Scrum Master","680-42-897"
"image_65.png","James Michael","IBM","1951-12-14","Scrum Master","680-42-897"
"image_66.png","James Michael","IBM","1951-12-14","Scrum Master","680-42-897"
"image_67.png","James Michael","IBM","1951-12-14","Scrum Master","680-42-897"
"image_68.png","James Michael","IBM","1951-12-14","Scrum Master","680-42-897"
"image_69.png","James Michael","IBM","1951-12-14","Scrum Master","680-42-897"
"image_7.png","James Michael","IBM","1951-12-14","Scrum Master","680-42-897"
"image_70.png","James Michael","IBM","1951-12-14","Scrum Master","680-42-897"
"image_71.png","James Michael","IBM","1951-12-14","Scrum Master","680-42-897"
"image_72.png","Andrew Hines","IBM","1961-12-14","Scrum Master","680-42-897"
"image_73.png","James Michael","IBM","1951-12-14","Scrum Master","680-42-897"
"image_74.png","James Michael","IBM","1951-12-14","Scrum Master","680-42-897"
"image_75.png","James Michael","IBM","1951-12-14","Scrum Master","680-42-897"
"image_76.png","James Michael","IBM","1951-12-14","Scrum Master","680-42-897"
"image_77.png","James Michael","IBM","1951-12-14","Scrum Master","680-42-897"
"image_78.png","Emily Foster","IBM","1952-04-15","Scrum Master","680-42-897"
"image_79.png","James Michael","IBM","1951-12-14","Scrum Master","680-42-897"
"image_8.png","James Michael","IBM","1951-12-14","Scrum Master","680-42-897"
"image_80.png","Amanda Robertson","IBM","1926-06-03","Scrum Master","680-42-897"
"image_81.png","vittany warme®","IBM","1951-12-14","Scrum Master","680-42-897"
"image_82.png","James Michael","IBM","1951-12-14","Scrum Master","680-42-897"
"image_83.png","Soraare Engineer","IBM","2004-12-14","Scrum Master","680-42-897"
"image_84.png","James Michael","IBM","1951-12-14","Scrum Master","680-42-897"
"image_85.png","James Michael","IBM","1951-12-14","Scrum Master","680-42-897"
"image_86.png","James Michael","IBM","1951-12-14","Scrum Master","680-42-897"
"image_87.png","James Michael","IBM","1951-12-14","Scrum Master","680-42-897"
"image_88.png","James Michael","IBM","1951-12-14","Scrum Master","680-42-897"
"image_89.png","James Michael","IBM","1951-12-14","Scrum Master","680-42-897"
"image_9.png","James Michael","IBM","1951-12-14","Scrum Master","680-42-897"
"image_90.png","James Michael","IBM","1951-12-14","Scrum Master","680-42-897"
"image_91.png","James Michael","IBM","1951-12-14","Scrum Master","680-42-897"
"image_92.png","James Michael","IBM","1951-12-14","Scrum Master","680-42-897"
"image_93.png","||lIII|lIl|IIIIIl","IBM","1951-12-14","Scrum Master","680-42-897"
"image_94.png","Mark Bryant","IBM","1994-02-08","Scrum Master","680-42-897"
"image_95.png","James Michael","IBM","1951-12-14","Scrum Master","680-42-897"
"image_96.png","James Michael","IBM","1951-12-14","Scrum Master","680-42-897"
"image_97.png","James Michael","IBM","1951-12-14","Scrum Master","680-42-897"
"image_98.png","James Michael","IBM","1951-12-14","Scrum Master","680-42-897"
"image_99.png","James Michael","IBM","1951-12-14","Scrum Master","680-42-897"
